ticker,company,type,price,hist_mult,gross_margin,op_margin,roic5,q_gm,q_om,q_roic,fv_base,fv_gm,fv_om,fv_roic,d_gm_pct,d_om_pct,d_roic_pct,note
NFLX,"Netflix, Inc.",GROWTH,76.03,13.27,48.49,29.49,20.74,0.94,1.0,0.72,84.69,84.69,84.69,84.69,0.0,0.0,0.0,
ACHR,Archer Aviation Inc.,PRE_PROFIT,5.5,,0.0,-243100.0,-55.33,,,,,,,,,,,
AAPL,Apple Inc.,MEGA_CAP,315.34,23.81,46.91,31.97,60.86,0.88,1.0,1.0,194.02,190.96,194.02,194.02,-1.6,0.0,0.0,
FICO,Fair Isaac Corporation,GROWTH,983.19,46.62,82.23,47.0,48.34,1.0,1.0,1.0,1084.64,1084.64,1084.64,1084.64,0.0,0.0,0.0,
MSFT,Microsoft Corporation,MEGA_CAP,491.65,18.59,67.94,46.78,27.85,1.0,1.0,1.0,344.33,344.33,344.33,344.33,0.0,0.0,0.0,
MNDY,monday.com Ltd.,GROWTH,81.11,,89.2,-0.14,-5.13,1.0,0.0,0.0,177.33,177.33,177.33,177.33,0.0,0.0,0.0,
ACN,Accenture plc,DIVIDEND,175.8,16.45,31.91,15.56,,0.28,0.37,1.0,245.42,245.42,245.42,245.42,0.0,0.0,0.0,
WDAY,"Workday, Inc.",GROWTH,186.05,57.31,75.7,10.72,3.27,1.0,0.05,0.0,154.65,154.65,122.31,120.68,0.0,-20.9,-22.0,
NOW,"ServiceNow, Inc.",GROWTH,131.11,71.92,77.53,13.74,8.79,1.0,0.25,0.0,115.7,115.7,94.34,87.25,0.0,-18.5,-24.6,
OPFI,OppFi Inc.,FINANCIAL,7.53,1.42,83.24,64.07,78.03,1.0,1.0,1.0,12.84,12.84,12.84,12.84,0.0,0.0,0.0,
KLAC,KLA Corporation,GROWTH,182.91,31.09,61.3,41.69,37.99,1.0,1.0,1.0,95.43,95.43,95.43,95.43,0.0,0.0,0.0,
AMAT,"Applied Materials, Inc.",GROWTH,468.85,15.3,48.67,29.86,28.17,0.95,1.0,1.0,264.45,264.45,264.45,264.45,0.0,0.0,0.0,
LRCX,Lam Research Corporation,GROWTH,315.84,31.38,50.47,35.29,37.06,1.0,1.0,1.0,219.45,219.45,219.45,219.45,0.0,0.0,0.0,
META,"Meta Platforms, Inc.",MEGA_CAP,653.69,14.97,82.0,41.44,20.16,1.0,1.0,0.68,504.04,504.04,504.04,504.04,0.0,0.0,0.0,
PANW,"Palo Alto Networks, Inc.",GROWTH,335.1,109.15,73.41,13.48,8.44,1.0,0.23,0.0,154.89,154.89,139.68,135.09,0.0,-9.8,-12.8,
ABBV,AbbVie Inc.,DIVIDEND,250.91,21.95,70.24,32.85,8.93,1.0,1.0,0.0,210.82,210.82,210.82,210.82,0.0,0.0,0.0,
IREN,IREN LIMITED,MID_CAP,45.37,,62.32,-53.57,-13.44,,,,,,,,,,,
JPM,JP Morgan Chase & Co.,FINANCIAL,354.71,,,50.39,,1.0,1.0,1.0,308.05,308.05,308.05,308.05,0.0,0.0,0.0,
DOCN,"DigitalOcean Holdings, Inc.",GROWTH,132.67,20.67,59.86,17.42,5.55,1.0,0.49,0.0,90.79,90.79,82.46,68.38,0.0,-9.2,-24.7,
NVDA,NVIDIA Corporation,MEGA_CAP,223.67,50.37,71.07,60.38,55.09,1.0,1.0,1.0,174.27,174.27,174.27,174.27,0.0,0.0,0.0,
GOOGL,Alphabet Inc.,MEGA_CAP,330.65,14.47,59.65,32.03,26.22,1.0,1.0,1.0,206.65,206.65,206.65,206.65,0.0,0.0,0.0,
ETN,"Eaton Corporation, PLC",LARGE_CAP,415.22,21.53,37.59,18.98,12.55,0.5,0.6,0.17,305.4,280.92,285.61,264.5,-8.0,-6.5,-13.4,
AVGO,Broadcom Inc.,MEGA_CAP,364.38,33.27,67.77,40.81,15.25,1.0,1.0,0.35,225.94,225.94,225.94,199.95,0.0,0.0,-11.5,
AMZN,"Amazon.com, Inc.",MEGA_CAP,252.4,16.43,50.29,11.16,11.22,1.0,0.08,0.08,236.48,236.48,208.95,209.29,0.0,-11.6,-11.5,
TER,"Teradyne, Inc.",GROWTH,383.69,24.57,58.22,21.59,21.64,1.0,0.77,0.78,168.57,168.57,163.21,163.29,0.0,-3.2,-3.1,
AMD,"Advanced Micro Devices, Inc.",GROWTH,521.1,38.43,49.52,10.66,2.61,0.98,0.04,0.0,296.14,295.42,260.47,258.82,-0.2,-12.0,-12.6,
ALAB,"Astera Labs, Inc.",GROWTH,300.54,,75.69,20.34,0.27,1.0,0.69,0.0,152.1,152.1,152.1,152.1,0.0,0.0,0.0,
NKE,"Nike, Inc.",DIVIDEND,37.35,18.1,42.91,8.18,17.33,0.72,0.0,0.49,54.05,54.05,54.05,54.05,0.0,0.0,0.0,
LYFT,"Lyft, Inc.",GROWTH,14.9,,41.46,-2.98,-28.9,0.66,0.0,0.0,46.33,46.33,46.33,46.33,0.0,0.0,0.0,
OKLO,Oklo Inc.,PRE_PROFIT,42.57,,,-6048.76,-14.62,,,,,,,,,,,
CRDO,Credo Technology Group Holding ,GROWTH,167.92,,68.04,33.33,3.65,1.0,1.0,0.0,103.3,103.3,103.3,103.3,0.0,0.0,0.0,
TTAN,"ServiceTitan, Inc.",EARLY_GROWTH,57.12,,70.11,-16.95,-7.2,1.0,0.0,0.0,46.18,46.18,46.18,46.18,0.0,0.0,0.0,
ANET,"Arista Networks, Inc.",GROWTH,192.93,31.7,64.06,42.82,25.43,1.0,1.0,1.0,148.26,148.26,148.26,148.26,0.0,0.0,0.0,
PLTR,Palantir Technologies Inc.,GROWTH,169.53,232.28,82.37,31.59,5.55,1.0,1.0,0.0,57.86,57.86,57.86,50.79,0.0,0.0,-12.2,
DDOG,"Datadog, Inc.",GROWTH,225.27,371.69,79.96,-1.29,1.95,1.0,0.0,0.0,98.72,98.72,98.72,98.72,0.0,0.0,0.0,
CELH,"Celsius Holdings, Inc.",GROWTH,27.64,52.86,50.39,18.63,-48.59,1.0,0.58,0.0,21.57,21.57,19.77,17.32,0.0,-8.4,-19.7,
PATH,"UiPath, Inc.",GROWTH,13.57,,83.17,3.52,-4.86,1.0,0.0,0.0,11.67,11.67,11.67,11.67,0.0,0.0,0.0,
HON,Honeywell International Inc.,CYCLICAL,204.93,,36.93,17.54,13.59,0.48,0.5,0.24,174.52,174.52,174.52,174.52,0.0,0.0,0.0,
CF,"CF Industries Holdings, Inc.",CYCLICAL,138.11,4.74,38.45,33.53,29.87,0.54,1.0,1.0,268.11,268.11,268.11,268.11,0.0,0.0,0.0,
HOOD,"Robinhood Markets, Inc.",EARLY_GROWTH,115.28,,83.34,46.81,0.15,1.0,1.0,0.0,42.73,42.73,42.73,42.73,0.0,0.0,0.0,
IDR,"Idaho Strategic Resources, Inc.",GROWTH,31.44,15.87,61.8,37.6,6.99,1.0,1.0,0.0,22.2,22.2,22.2,20.87,0.0,0.0,-6.0,
BWXT,"BWX Technologies, Inc.",GROWTH,156.71,23.33,22.91,10.15,13.71,0.0,0.01,0.25,64.06,50.38,50.52,54.03,-21.4,-21.1,-15.6,
SBGSY,Schneider Electric SE,LARGE_CAP,67.4,17.12,42.08,17.46,11.17,0.68,0.5,0.08,48.38,48.38,47.59,43.94,0.0,-1.6,-9.2,
MCO,Moody's Corporation,FINANCIAL,474.57,23.95,74.44,44.86,19.79,1.0,1.0,0.65,109.96,109.96,109.96,109.96,0.0,0.0,0.0,
SNPS,"Synopsys, Inc.",GROWTH,393.22,39.79,76.98,12.97,15.07,1.0,0.2,0.34,394.87,394.87,334.8,345.29,0.0,-15.2,-12.6,
FIX,"Comfort Systems USA, Inc.",MID_CAP,1615.14,14.51,24.13,14.42,27.25,0.0,0.29,1.0,1156.08,1108.74,1156.08,1156.08,-4.1,0.0,0.0,
TMDX,"TransMedics Group, Inc.",GROWTH,86.4,,59.92,17.93,0.68,1.0,0.53,0.0,100.19,100.19,100.19,100.19,0.0,0.0,0.0,
VRT,"Vertiv Holdings, LLC",GROWTH,262.89,23.98,36.32,18.54,12.42,0.45,0.57,0.16,206.42,192.23,199.09,175.03,-6.9,-3.5,-15.2,
CDNS,"Cadence Design Systems, Inc.",GROWTH,284.6,44.75,86.36,31.15,19.01,1.0,1.0,0.6,230.47,230.47,230.47,213.47,0.0,0.0,-7.4,
FTNT,"Fortinet, Inc.",GROWTH,157.22,28.52,80.46,30.66,117.47,1.0,1.0,1.0,126.07,126.07,126.07,126.07,0.0,0.0,0.0,
SHOP,Shopify Inc.,GROWTH,126.79,139.95,48.07,16.31,3.6,0.92,0.42,0.0,64.25,63.23,56.66,51.15,-1.6,-11.8,-20.4,
STRL,"Sterling Infrastructure, Inc.",GROWTH,495.15,11.11,22.98,16.61,19.96,0.0,0.44,0.66,342.15,342.15,342.15,342.15,0.0,0.0,0.0,
CCJ,Cameco Corporation,CYCLICAL,100.41,26.76,27.87,17.84,4.91,0.11,0.52,0.0,18.77,18.77,18.77,18.77,0.0,0.0,0.0,
ENB,Enbridge Inc,DIVIDEND,50.15,9.9,32.97,17.68,6.14,0.32,0.51,0.0,68.14,68.14,68.14,68.14,0.0,0.0,0.0,
DLR,"Digital Realty Trust, Inc.",ASSET_HEAVY,189.08,64.7,55.39,15.09,3.3,1.0,0.34,0.0,112.79,112.79,112.79,112.79,0.0,0.0,0.0,
FLNC,"Fluence Energy, Inc.",PRE_PROFIT,10.12,,13.07,-2.05,-17.83,,,,,,,,,,,
NXE,Nexgen Energy Ltd.,PRE_PROFIT,10.64,,,0.0,-3.72,,,,,,,,,,,
ELF,"e.l.f. Beauty, Inc.",GROWTH,100.08,36.92,70.72,8.02,8.31,1.0,0.0,0.0,95.22,95.22,67.87,67.87,0.0,-28.7,-28.7,
ARM,Arm Holdings plc,GROWTH,264.23,215.77,97.54,18.46,8.21,1.0,0.56,0.0,88.16,88.16,84.94,80.78,0.0,-3.7,-8.4,
CEG,Constellation Energy Corporatio,GROWTH,293.9,13.98,18.38,16.44,8.76,0.0,0.43,0.0,192.44,182.96,192.44,182.96,-4.9,0.0,-4.9,
ZETA,Zeta Global Holdings Corp.,EARLY_GROWTH,30.42,,60.63,2.21,-34.94,1.0,0.0,0.0,30.82,30.82,30.82,30.82,0.0,0.0,0.0,
GEV,GE Vernova Inc.,GROWTH,951.04,,19.79,3.65,-0.87,0.0,0.0,0.0,558.47,558.47,558.47,558.47,0.0,0.0,0.0,
GRAB,Grab Holdings Limited,GROWTH,3.04,,43.2,6.59,-4.12,0.73,0.0,0.0,2.87,2.87,2.87,2.87,0.0,0.0,0.0,
MA,Mastercard Incorporated,GROWTH,567.5,25.55,77.89,59.51,52.26,1.0,1.0,1.0,642.98,642.98,642.98,642.98,0.0,0.0,0.0,
APPS,"Digital Turbine, Inc.",EARLY_GROWTH,11.06,16.28,48.59,6.02,-0.79,0.94,0.0,0.0,7.06,7.06,7.06,7.06,0.0,0.0,0.0,
RBRK,"Rubrik, Inc.",EARLY_GROWTH,88.82,,80.1,-26.24,-30.36,1.0,0.0,0.0,44.19,44.19,44.19,44.19,0.0,0.0,0.0,
WDC,Western Digital Corporation,GROWTH,482.28,28.88,48.85,35.6,26.51,0.95,1.0,1.0,656.02,656.02,656.02,656.02,0.0,0.0,0.0,
FIG,"Figma, Inc.",EARLY_GROWTH,22.01,,82.43,-122.23,-48.45,1.0,0.0,0.0,19.38,19.38,19.38,19.38,0.0,0.0,0.0,
COIN,"Coinbase Global, Inc.",MID_CAP,174.72,47.46,74.64,20.28,-1.25,1.0,0.69,0.0,102.13,102.13,94.79,78.8,0.0,-7.2,-22.8,
GLW,Corning Incorporated,GROWTH,168.46,15.59,35.97,14.58,7.48,0.44,0.31,0.0,81.49,81.49,81.49,75.42,0.0,0.0,-7.4,
ONON,On Holding AG,GROWTH,26.84,87.94,62.83,12.51,12.58,1.0,0.17,0.17,21.72,21.72,16.59,16.62,0.0,-23.6,-23.5,
ISRG,"Intuitive Surgical, Inc.",GROWTH,353.24,50.98,66.0,29.27,12.68,1.0,1.0,0.18,272.38,272.38,272.38,218.21,0.0,0.0,-19.9,
PFE,"Pfizer, Inc.",DIVIDEND,27.78,11.98,74.33,27.82,8.63,1.0,1.0,0.0,31.37,31.37,31.37,31.37,0.0,0.0,0.0,
ZS,"Zscaler, Inc.",EARLY_GROWTH,166.1,240.16,76.8,-3.61,-1.65,1.0,0.0,0.0,141.12,141.12,141.12,141.12,0.0,0.0,0.0,
APP,Applovin Corporation,GROWTH,305.06,27.83,87.86,75.75,28.81,1.0,1.0,1.0,508.2,508.2,508.2,508.2,0.0,0.0,0.0,
AMBA,"Ambarella, Inc.",MID_CAP,68.8,,59.19,-21.12,-11.44,1.0,0.0,0.0,25.99,25.99,25.99,25.99,0.0,0.0,0.0,
ENPH,"Enphase Energy, Inc.",MID_CAP,36.72,37.25,46.64,11.18,12.6,0.87,0.08,0.17,19.44,19.05,16.77,17.05,-2.0,-13.7,-12.3,
TSLA,"Tesla, Inc.",MEGA_CAP,367.81,79.82,18.03,5.11,11.42,0.0,0.0,0.09,47.1,41.2,41.2,41.76,-12.5,-12.5,-11.3,
ADBE,Adobe Inc.,GROWTH,254.86,21.93,89.27,36.63,31.65,1.0,1.0,1.0,457.0,457.0,457.0,457.0,0.0,0.0,0.0,
CRM,"Salesforce, Inc.",GROWTH,244.16,20.7,77.68,21.47,6.77,1.0,0.76,0.0,211.11,211.11,211.11,181.29,0.0,0.0,-14.1,
OKTA,"Okta, Inc.",GROWTH,172.74,,77.36,5.24,-2.48,1.0,0.0,0.0,88.36,88.36,88.36,88.36,0.0,0.0,0.0,
NBIS,Nebius Group N.V.,EARLY_GROWTH,240.35,,68.63,-115.46,-3.93,1.0,0.0,0.0,72.8,72.8,72.8,72.8,0.0,0.0,0.0,
SOFI,"SoFi Technologies, Inc.",FINANCIAL,17.33,,,16.96,,1.0,0.46,1.0,5.79,5.79,5.79,5.79,0.0,0.0,0.0,
VST,Vistra Corp.,MID_CAP,151.1,11.82,32.89,12.03,8.34,0.32,0.14,0.0,53.96,53.96,53.96,53.96,0.0,0.0,0.0,
USAR,"USA Rare Earth, Inc.",PRE_PROFIT,17.06,,11.87,-3621.61,-991770.15,,,,,,,,,,,
QCOM,QUALCOMM Incorporated,LARGE_CAP,176.4,12.59,55.43,27.99,26.11,1.0,1.0,1.0,131.53,131.53,131.53,131.53,0.0,0.0,0.0,
V,Visa Inc.,GROWTH,367.39,27.84,80.36,66.39,,1.0,1.0,1.0,222.95,222.95,222.95,222.95,0.0,0.0,0.0,
ASTS,"AST SpaceMobile, Inc.",EARLY_GROWTH,62.42,,50.34,-405.7,-59.29,,,,,,,,,,,
ORCL,Oracle Corporation,LARGE_CAP,161.63,20.97,65.82,33.32,13.09,1.0,1.0,0.21,251.72,251.72,251.72,184.7,0.0,0.0,-26.6,
CRWV,"CoreWeave, Inc.",EARLY_GROWTH,94.94,,71.68,-0.9,-19.92,1.0,0.0,0.0,87.8,87.8,87.8,87.8,0.0,0.0,0.0,
ASML,ASML Holding N.V. - New York Re,GROWTH,1729.52,27.15,52.83,34.6,38.82,1.0,1.0,1.0,1108.68,1108.68,1108.68,1108.68,0.0,0.0,0.0,
LUNR,"Intuitive Machines, Inc.",EARLY_GROWTH,14.94,,2.93,-42.11,,,,,,,,,,,,
PL,Planet Labs PBC,EARLY_GROWTH,17.22,,56.05,-30.9,-18.33,1.0,0.0,0.0,5.36,5.36,5.36,5.36,0.0,0.0,0.0,
RKLB,Rocket Lab Corporation,EARLY_GROWTH,63.07,,34.43,-38.03,-15.79,0.38,0.0,0.0,8.86,8.86,8.86,8.86,0.0,0.0,0.0,
SPCX,Space Exploration Technologies ,EARLY_GROWTH,147.55,,49.39,-11.05,0.33,0.98,0.0,0.0,21.24,21.24,21.24,21.24,0.0,0.0,0.0,
BE,Bloom Energy Corporation,GROWTH,269.28,,29.02,3.6,-9.49,0.16,0.0,0.0,174.27,174.27,174.27,174.27,0.0,0.0,0.0,
AAOI,"Applied Optoelectronics, Inc.",EARLY_GROWTH,107.93,,30.04,-10.91,-16.5,0.2,0.0,0.0,59.37,59.37,59.37,59.37,0.0,0.0,0.0,
COHR,Coherent Corp.,GROWTH,303.48,29.49,37.5,12.67,2.72,0.5,0.18,0.0,260.68,250.14,243.34,239.6,-4.0,-6.7,-8.1,
CBRS,Cerebras Systems Inc.,EARLY_GROWTH,196.2,,39.03,-28.6,,0.56,0.0,1.0,28.72,28.72,28.72,28.72,0.0,0.0,0.0,
LITE,Lumentum Holdings Inc.,EARLY_GROWTH,988.98,,41.67,17.79,-31.52,0.67,0.52,0.0,344.84,344.84,344.84,344.84,0.0,0.0,0.0,
KVYO,"Klaviyo, Inc. Series A",EARLY_GROWTH,16.27,,74.67,-5.49,-13.15,1.0,0.0,0.0,26.28,26.28,26.28,26.28,0.0,0.0,0.0,
WING,Wingstop Inc.,MID_CAP,110.58,41.25,48.68,26.67,29.7,0.95,1.0,1.0,181.56,178.97,181.56,181.56,-1.4,0.0,0.0,
TPL,Texas Pacific Land Corporation,GROWTH,374.06,32.71,85.46,74.19,41.19,1.0,1.0,1.0,342.68,342.68,342.68,342.68,0.0,0.0,0.0,
WM,"Waste Management, Inc.",MID_CAP,216.44,15.59,40.44,18.28,11.1,0.62,0.55,0.07,147.99,147.99,147.99,136.78,0.0,0.0,-7.6,
MRVL,"Marvell Technology, Inc.",GROWTH,235.01,60.27,51.02,16.33,2.55,1.0,0.42,0.0,134.99,134.99,109.54,90.95,0.0,-18.9,-32.6,
TEM,"Tempus AI, Inc.",EARLY_GROWTH,61.28,,62.74,-19.88,-59.4,1.0,0.0,0.0,30.28,30.28,30.28,30.28,0.0,0.0,0.0,
MP,MP Materials Corp.,EARLY_GROWTH,54.3,1288.8,-25.67,-64.64,2.34,,,,,,,,,,,
AMKR,"Amkor Technology, Inc.",GROWTH,51.35,5.31,13.99,6.97,9.84,0.0,0.0,0.0,31.91,31.91,31.91,31.91,0.0,0.0,0.0,
VEEV,Veeva Systems Inc.,GROWTH,260.8,41.31,75.53,28.68,8.78,1.0,1.0,0.0,277.9,277.9,277.9,223.15,0.0,0.0,-19.7,
NXT,Nextpower Inc.,MID_CAP,82.37,18.24,32.59,19.59,34.86,0.3,0.64,1.0,59.09,56.94,59.09,59.09,-3.6,0.0,0.0,
SMR,NuScale Power Corporation,PRE_PROFIT,10.81,,36.31,-2190.57,-113.44,,,,,,,,,,,
LEU,Centrus Energy Corp.,GROWTH,181.49,18.02,26.19,11.19,30.75,0.05,0.08,1.0,83.83,83.83,83.83,83.83,0.0,0.0,0.0,
NAK,"Northern Dynasty Minerals, Ltd.",PRE_PROFIT,1.53,,,0.0,-122.2,,,,,,,,,,,
UUUU,Energy Fuels Inc,EARLY_GROWTH,14.55,,20.86,-153.45,-11.87,,,,,,,,,,,
RR,Richtech Robotics Inc.,PRE_PROFIT,1.67,,35.88,-340.93,-6.96,,,,,,,,,,,
SERV,Serve Robotics Inc.,PRE_PROFIT,4.66,,-580.23,-4253.83,-28.09,,,,,,,,,,,
MBLY,Mobileye Global Inc.,MID_CAP,8.1,97.73,47.73,-23.23,-1.61,0.91,0.0,0.0,6.33,6.33,6.33,6.33,0.0,0.0,0.0,
CGNX,Cognex Corporation,GROWTH,61.87,37.78,66.92,16.35,7.09,1.0,0.42,0.0,39.8,39.8,35.21,31.83,0.0,-11.5,-20.0,
TDY,Teledyne Technologies Incorpora,MID_CAP,595.23,17.54,42.76,18.8,6.87,0.71,0.59,0.0,710.42,710.42,710.42,629.55,0.0,0.0,-11.4,
RTX,RTX Corporation,LARGE_CAP,197.55,15.26,20.08,10.5,6.21,0.0,0.03,0.0,183.25,171.77,172.94,171.77,-6.3,-5.6,-6.3,
RHM,Round Hill Music Royalty Ltd,MID_CAP,1.15,,,,,,,,,,,,,,,
GWRE,"Guidewire Software, Inc.",GROWTH,142.24,,62.54,3.42,-3.52,1.0,0.0,0.0,87.27,87.27,87.27,87.27,0.0,0.0,0.0,
NUAI,"New Era Energy & Digital, Inc.",PRE_PROFIT,6.48,,,-1405.09,-265.33,,,,,,,,,,,
APLD,Applied Digital Corporation,EARLY_GROWTH,27.14,,25.79,-28.53,-14.92,0.03,0.0,0.0,21.33,21.33,21.33,21.33,0.0,0.0,0.0,
SYM,Symbotic Inc.,GROWTH,42.62,,18.81,-4.1,-67200.2,0.0,0.0,0.0,27.98,27.98,27.98,27.98,0.0,0.0,0.0,
EOSE,"Eos Energy Enterprises, Inc.",PRE_PROFIT,4.15,,-125.95,-225.47,-348.67,,,,,,,,,,,
DKNG,DraftKings Inc.,MID_CAP,23.66,,41.25,-0.26,-23.93,0.65,0.0,0.0,10.91,10.91,10.91,10.91,0.0,0.0,0.0,
UBER,"Uber Technologies, Inc.",GROWTH,71.08,26.92,39.75,10.7,-1.49,0.59,0.05,0.0,85.05,80.43,69.45,68.51,-5.4,-18.3,-19.4,
RIOT,"Riot Platforms, Inc.",PRE_PROFIT,22.07,,37.93,-53.02,-15.54,,,,,,,,,,,
IONQ,"IonQ, Inc.",EARLY_GROWTH,38.14,,40.4,-487.41,-28.69,,,,,,,,,,,
WULF,TeraWulf Inc.,PRE_PROFIT,17.13,,50.93,-101.1,-12.44,,,,,,,,,,,
CORZ,"Core Scientific, Inc.",EARLY_GROWTH,18.09,,11.88,-70.39,-362.01,,,,,,,,,,,
ONDS,Ondas Inc,EARLY_GROWTH,7.29,,39.73,-115.09,-43.6,,,,,,,,,,,
CRVW,"Careview Communications, Inc.",MID_CAP,0.04,,64.82,-0.61,,1.0,0.0,1.0,0.05,0.05,0.05,0.05,0.0,0.0,0.0,
CIFR,Cipher Digital Inc.,PRE_PROFIT,16.9,,28.4,-150.67,-10.74,,,,,,,,,,,
HUT,Hut 8 Corp.,EARLY_GROWTH,95.92,,54.16,-41.41,-1.65,,,,,,,,,,,
TEL,TE Connectivity plc,MID_CAP,204.68,13.72,35.22,19.6,12.9,0.41,0.64,0.19,287.27,287.27,287.27,287.27,0.0,0.0,0.0,
TLN,Talen Energy Corporation,EARLY_GROWTH,319.67,,38.12,0.61,3.71,0.52,0.0,0.0,537.27,537.27,537.27,537.27,0.0,0.0,0.0,
NEE,"NextEra Energy, Inc.",DIVIDEND,82.65,15.26,62.27,29.26,5.0,1.0,1.0,0.0,59.16,59.16,59.16,59.16,0.0,0.0,0.0,
EQIX,"Equinix, Inc.",ASSET_HEAVY,1043.06,24.81,51.09,21.33,4.88,1.0,0.76,0.0,297.72,297.72,297.72,297.72,0.0,0.0,0.0,
FN,Fabrinet,GROWTH,418.27,25.96,11.99,9.98,16.2,0.0,0.0,0.41,768.44,447.41,447.41,621.48,-41.8,-41.8,-19.1,
